baseline_method,delta_secure_feasible_ratio,delta_allocated_ratio,delta_avg_security_margin,delta_avg_functional_score,delta_avg_q_share,delta_avg_risk,delta_avg_latency,delta_avg_SCI
latency_first,0.0,0.0,0.011846450431095362,0.02663281345455465,0.06905203723801501,-0.0035929111426283578,2.4987652870028434,0.006845369326857087
pqc_trust,0.0,0.0,0.020556329793589734,0.04917102071645124,0.1144585487151294,-0.004428029007656209,-0.4898421535591062,0.010060135137706372
qkd_priority,0.016666666666666663,0.0,0.03506394209603611,0.05413666939913436,-0.0217706667388865,-0.00361227604374445,-2.540481526809888,0.009717681658223315
