flow_id,feasible_ratio,avg_security_level,avg_functional_score,avg_q_path,avg_p_path,avg_trust,avg_risk,avg_latency,dominant_regime
F1,1.0,2.585363621376601,1.849195919031605,0.6164348145949864,7.2436147271716695,0.8931935167144969,0.06443105277742221,69.94863140646663,transition
F2,1.0,2.667038421207116,1.4372668423431976,0.43327185574237337,7.980238254640351,0.8315369210852702,0.0940794110828069,74.95219955630714,transition
F3,1.0,2.6247487990989726,1.340176938575832,0.42034412063166077,7.857458891199406,0.8515013738721551,0.08104151215562769,71.66234785749542,transition
F4,1.0,2.582758595000249,1.3831421306051401,0.7158107957034568,7.012990150369088,0.8766332938727941,0.07184235168670755,86.64280952750262,transition
